-- Entrega dos:

-- INSERSION DE DATOS 

-- TABLA 1 PROVEEDOR
INSERT INTO Proveedor (ID_Proveedor, Nombre, Direccion, Telefono, Email) VALUES
(1, 'Komatsu', 'Calle 1, Ciudad Industrial', '1234567890', 'contacto@komatsu.com'),
(2, 'Caterpillar', 'Calle 2, Ciudad Industrial', '0987654321', 'contacto@caterpillar.com'),
(3, 'Hitachi', 'Calle 3, Ciudad Industrial', '1122334455', 'contacto@hitachi.com'),
(4, 'John Deere', 'Calle 4, Ciudad Industrial', '6677889900', 'contacto@johndeere.com'),
(5, 'Volvo', 'Calle 5, Ciudad Industrial', '5566778899', 'contacto@volvo.com'),
(6, 'Liebherr', 'Calle 6, Ciudad Industrial', '4433221100', 'contacto@liebherr.com'),
(7, 'JCB', 'Calle 7, Ciudad Industrial', '9988776655', 'contacto@jcb.com'),
(8, 'Kubota', 'Calle 8, Ciudad Industrial', '5544332211', 'contacto@kubota.com'),
(9, 'Doosan', 'Calle 9, Ciudad Industrial', '6655443322', 'contacto@doosan.com'),
(10, 'Hyundai', 'Calle 10, Ciudad Industrial', '7766554433', 'contacto@hyundai.com'),
(11, 'Bobcat', 'Calle 11, Ciudad Industrial', '8877665544', 'contacto@bobcat.com'),
(12, 'Sany', 'Calle 12, Ciudad Industrial', '9988665544', 'contacto@sany.com'),
(13, 'Terex', 'Calle 13, Ciudad Industrial', '6677884455', 'contacto@terex.com'),
(14, 'XCMG', 'Calle 14, Ciudad Industrial', '5566998877', 'contacto@xcmg.com'),
(15, 'Case', 'Calle 15, Ciudad Industrial', '1122998855', 'contacto@case.com'),
(16, 'New Holland', 'Calle 16, Ciudad Industrial', '3344556677', 'contacto@newholland.com'),
(17, 'Mahindra', 'Calle 17, Ciudad Industrial', '4455667788', 'contacto@mahindra.com'),
(18, 'Sumitomo', 'Calle 18, Ciudad Industrial', '9988771122', 'contacto@sumitomo.com'),
(19, 'Zoomlion', 'Calle 19, Ciudad Industrial', '2233445566', 'contacto@zoomlion.com'),
(20, 'Kobelco', 'Calle 20, Ciudad Industrial', '1122336655', 'contacto@kobelco.com'),
(21, 'LiuGong', 'Calle 21, Ciudad Industrial', '9988772233', 'contacto@liugong.com'),
(22, 'Bell', 'Calle 22, Ciudad Industrial', '3344557799', 'contacto@bell.com'),
(23, 'Fendt', 'Calle 23, Ciudad Industrial', '4455668899', 'contacto@fendt.com'),
(24, 'Manitou', 'Calle 24, Ciudad Industrial', '9988773344', 'contacto@manitou.com'),
(25, 'Massey Ferguson', 'Calle 25, Ciudad Industrial', '2233446677', 'contacto@masseyferguson.com'),
(26, 'Grove', 'Calle 26, Ciudad Industrial', '1122337788', 'contacto@grove.com'),
(27, 'Genie', 'Calle 27, Ciudad Industrial', '9988774455', 'contacto@genie.com'),
(28, 'Terex', 'Calle 28, Ciudad Industrial', '3344558899', 'contacto@terex.com'),
(29, 'Atlas Copco', 'Calle 29, Ciudad Industrial', '4455669900', 'contacto@atlascopco.com'),
(30, 'Sandvik', 'Calle 30, Ciudad Industrial', '9988775566', 'contacto@sandvik.com');

-- TABLA 2 REPUESTO
INSERT INTO Repuesto (ID_Repuesto, Nombre, Descripcion, Precio, Stock) VALUES
(1, 'Filtro de Aceite', 'Filtro de aceite para maquinaria pesada', 25.50, 100),
(2, 'Filtro de Aire', 'Filtro de aire de alta eficiencia', 30.00, 150),
(3, 'Bujía', 'Bujía estándar para motores diésel', 15.75, 200),
(4, 'Correa de Transmisión', 'Correa de transmisión de alta resistencia', 45.00, 75),
(5, 'Aceite Hidráulico', 'Aceite hidráulico sintético', 60.00, 50),
(6, 'Neumático', 'Neumático de alta tracción', 120.00, 60),
(7, 'Batería', 'Batería de larga duración', 80.00, 40),
(8, 'Radiador', 'Radiador de alto rendimiento', 150.00, 30),
(9, 'Filtro de Combustible', 'Filtro de combustible de alta capacidad', 20.00, 120),
(10, 'Amortiguador', 'Amortiguador de suspensión', 100.00, 35),
(11, 'Luz LED', 'Luz LED de alta intensidad', 25.00, 85),
(12, 'Palanca de Cambio', 'Palanca de cambio ergonómica', 35.00, 90),
(13, 'Embrague', 'Kit de embrague completo', 200.00, 20),
(14, 'Pastilla de Freno', 'Pastilla de freno de alta durabilidad', 40.00, 150),
(15, 'Cadena de Transmisión', 'Cadena de transmisión resistente', 55.00, 70),
(16, 'Motor de Arranque', 'Motor de arranque de alto rendimiento', 250.00, 25),
(17, 'Alternador', 'Alternador de alta capacidad', 180.00, 45),
(18, 'Sensor de Temperatura', 'Sensor de temperatura de precisión', 15.00, 110),
(19, 'Termostato', 'Termostato de control preciso', 20.00, 95),
(20, 'Ventilador', 'Ventilador de refrigeración', 75.00, 50),
(21, 'Manguera Hidráulica', 'Manguera hidráulica flexible', 35.00, 65),
(22, 'Junta de Cabeza', 'Junta de cabeza resistente a altas temperaturas', 50.00, 40),
(23, 'Turbocompresor', 'Turbocompresor de alta potencia', 300.00, 15),
(24, 'Bomba de Agua', 'Bomba de agua de alto flujo', 90.00, 55),
(25, 'Válvula', 'Válvula de control de flujo', 20.00, 130),
(26, 'Disco de Freno', 'Disco de freno de alta resistencia', 60.00, 75),
(27, 'Rodamiento', 'Rodamiento de rueda', 40.00, 80),
(28, 'Resorte de Suspensión', 'Resorte de suspensión de alta durabilidad', 50.00, 70),
(29, 'Filtro de Partículas', 'Filtro de partículas para diésel', 35.00, 90),
(30, 'Lubricante', 'Lubricante multiuso', 10.00, 200);

-- TABLA 3 PEDIDO
INSERT INTO Pedido (ID_Pedido, Fecha_Pedido, Fecha_Recepcion, ID_Proveedor) VALUES
(1, '2024-01-01', '2024-01-05', 1),
(2, '2024-01-02', '2024-01-06', 2),
(3, '2024-01-03', '2024-01-07', 3),
(4, '2024-01-04', '2024-01-08', 4),
(5, '2024-01-05', '2024-01-09', 5),
(6, '2024-01-06', '2024-01-10', 6),
(7, '2024-01-07', '2024-01-11', 7),
(8, '2024-01-08', '2024-01-12', 8),
(9, '2024-01-09', '2024-01-13', 9),
(10, '2024-01-10', '2024-01-14', 10),
(11, '2024-01-11', '2024-01-15', 11),
(12, '2024-01-12', '2024-01-16', 12),
(13, '2024-01-13', '2024-01-17', 13),
(14, '2024-01-14', '2024-01-18', 14),
(15, '2024-01-15', '2024-01-19', 15),
(16, '2024-01-16', '2024-01-20', 16),
(17, '2024-01-17', '2024-01-21', 17),
(18, '2024-01-18', '2024-01-22', 18),
(19, '2024-01-19', '2024-01-23', 19),
(20, '2024-01-20', '2024-01-24', 20),
(21, '2024-01-21', '2024-01-25', 21),
(22, '2024-01-22', '2024-01-26', 22),
(23, '2024-01-23', '2024-01-27', 23),
(24, '2024-01-24', '2024-01-28', 24),
(25, '2024-01-25', '2024-01-29', 25),
(26, '2024-01-26', '2024-01-30', 26),
(27, '2024-01-27', '2024-01-31', 27),
(28, '2024-01-28', '2024-02-01', 28),
(29, '2024-01-29', '2024-02-02', 29),
(30, '2024-01-30', '2024-02-03', 30);

INSERT INTO Pedido (ID_Pedido, Fecha_Pedido, Fecha_Recepcion, ID_Proveedor) VALUES
(31, '2024-06-29', NULL , 29),
(32, '2024-06-30', NULL , 30);

-- TABLA 4 DETALLEPEDIDO
INSERT INTO DetallePedido (ID_Pedido, ID_Repuesto, Cantidad) VALUES
(1, 1, 10),
(1, 2, 20),
(2, 3, 15),
(2, 4, 5),
(3, 5, 10),
(3, 6, 8),
(4, 7, 6),
(4, 8, 4),
(5, 9, 12),
(5, 10, 7),
(6, 11, 10),
(6, 12, 20),
(7, 13, 5),
(7, 14, 3),
(8, 15, 6),
(8, 16, 4),
(9, 17, 12),
(9, 18, 10),
(10, 19, 8),
(10, 20, 6),
(11, 21, 15),
(11, 22, 10),
(12, 23, 5),
(12, 24, 3),
(13, 25, 10),
(13, 26, 7),
(14, 27, 12),
(14, 28, 5),
(15, 29, 15),
(15, 30, 10);

-- Tabla 5 Maquina
INSERT INTO Maquina (ID_Maquina, Nombre, Modelo, Fabricante) VALUES
(1, 'Excavadora', '320D', 'Caterpillar'),
(2, 'Retroexcavadora', '310SL', 'John Deere'),
(3, 'Bulldozer', 'D65EX', 'Komatsu'),
(4, 'Cargadora', 'L120H', 'Volvo'),
(5, 'Grúa', 'LTM 1100', 'Liebherr'),
(6, 'Compactadora', 'BW 213', 'Bomag'),
(7, 'Excavadora', 'ZX300', 'Hitachi'),
(8, 'Minicargadora', 'S650', 'Bobcat'),
(9, 'Pavimentadora', 'SUPER 1803', 'Vogele'),
(10, 'Excavadora', '330F', 'Caterpillar'),
(11, 'Retroexcavadora', '3CX', 'JCB'),
(12, 'Bulldozer', '850K', 'John Deere'),
(13, 'Cargadora', 'WA380', 'Komatsu'),
(14, 'Grúa', 'Grove GMK', 'Manitowoc'),
(15, 'Compactadora', 'CA2500', 'Dynapac'),
(16, 'Excavadora', 'EC250', 'Volvo'),
(17, 'Minicargadora', 'TR310', 'Case'),
(18, 'Pavimentadora', 'AP555F', 'Caterpillar'),
(19, 'Excavadora', 'R220', 'Hyundai'),
(20, 'Retroexcavadora', 'KX057', 'Kubota'),
(21, 'Bulldozer', 'D85EX', 'Komatsu'),
(22, 'Cargadora', 'L150H', 'Volvo'),
(23, 'Grúa', 'LTM 1250', 'Liebherr'),
(24, 'Compactadora', 'BW 177', 'Bomag'),
(25, 'Excavadora', 'ZX350', 'Hitachi'),
(26, 'Minicargadora', 'S770', 'Bobcat'),
(27, 'Pavimentadora', 'SUPER 1900', 'Vogele'),
(28, 'Excavadora', '336D', 'Caterpillar'),
(29, 'Retroexcavadora', '4CX', 'JCB'),
(30, 'Bulldozer', '750K', 'John Deere');

-- TABLA 6 REPUESTOMAQUINA
INSERT INTO RepuestoMaquina (ID_Repuesto, ID_Maquina, Cantidad_Necesaria) VALUES
(1, 1, 2),
(2, 1, 4),
(3, 2, 6),
(4, 2, 3),
(5, 3, 5),
(6, 3, 2),
(7, 4, 4),
(8, 4, 2),
(9, 5, 3),
(10, 5, 1),
(11, 6, 2),
(12, 6, 3),
(13, 7, 4),
(14, 7, 2),
(15, 8, 1),
(16, 8, 3),
(17, 9, 2),
(18, 9, 4),
(19, 10, 3),
(20, 10, 1),
(21, 11, 4),
(22, 11, 2),
(23, 12, 5),
(24, 12, 3),
(25, 13, 4),
(26, 13, 2),
(27, 14, 1),
(28, 14, 3),
(29, 15, 2),
(30, 15, 4);

-- TABLA 7 MANTENIMIENTO
INSERT INTO Mantenimiento (ID_Mantenimiento, Fecha_Mantenimiento, ID_Maquina) VALUES
(1, '2024-01-05', 1),
(2, '2024-01-10', 2),
(3, '2024-01-15', 3),
(4, '2024-01-20', 4),
(5, '2024-01-25', 5),
(6, '2024-01-30', 6),
(7, '2024-02-04', 7),
(8, '2024-02-09', 8),
(9, '2024-02-14', 9),
(10, '2024-02-19', 10),
(11, '2024-02-24', 11),
(12, '2024-03-01', 12),
(13, '2024-03-06', 13),
(14, '2024-03-11', 14),
(15, '2024-03-16', 15),
(16, '2024-03-21', 16),
(17, '2024-03-26', 17),
(18, '2024-03-31', 18),
(19, '2024-04-05', 19),
(20, '2024-04-10', 20),
(21, '2024-04-15', 21),
(22, '2024-04-20', 22),
(23, '2024-04-25', 23),
(24, '2024-04-30', 24),
(25, '2024-05-05', 25),
(26, '2024-05-10', 26),
(27, '2024-05-15', 27),
(28, '2024-05-20', 28),
(29, '2024-05-25', 29),
(30, '2024-05-30', 30);

Use pentrega2

-- TABLA 8 DETALLEMANTENIMIENTO
INSERT INTO DetalleMantenimiento (ID_Detalle, ID_Mantenimiento, ID_Repuesto, Cantidad_Usada) VALUES
(1, 1, 1, 2),
(2, 1, 3, 4),
(3, 2, 2, 1),
(4, 2, 5, 3),
(5, 3, 4, 2),
(6, 3, 6, 2),
(7, 4, 7, 1),
(8, 4, 9, 3),
(9, 5, 8, 2),
(10, 5, 10, 2),
(11, 6, 11, 1),
(12, 6, 13, 3),
(13, 7, 12, 2),
(14, 7, 14, 2),
(15, 8, 15, 1),
(16, 8, 17, 3),
(17, 9, 16, 2),
(18, 9, 18, 2),
(19, 10, 19, 1),
(20, 10, 21, 3),
(21, 11, 20, 2),
(22, 11, 22, 2),
(23, 12, 23, 1),
(24, 12, 25, 3),
(25, 13, 24, 2),
(26, 13, 26, 2),
(27, 14, 27, 1),
(28, 14, 29, 3),
(29, 15, 28, 2),
(30, 15, 30, 2);
